<?xml version="1.0" encoding="UTF-8"?>
<project-private xmlns="http://www.netbeans.org/ns/project-private/1">
    <editor-bookmarks xmlns="http://www.netbeans.org/ns/editor-bookmarks/2" lastBookmarkId="0"/>
    <open-files xmlns="http://www.netbeans.org/ns/projectui-open-files/2">
        <group>
            <file>file:/C:/Users/ducmi/OneDrive/Documents/GitHub/PRJ301/Startup%20Project%20Management/web/projectForm.jsp</file>
            <file>file:/C:/Users/ducmi/OneDrive/Documents/GitHub/PRJ301/Startup%20Project%20Management/src/java/dto/ProjectDTO.java</file>
            <file>file:/C:/Users/ducmi/OneDrive/Documents/GitHub/PRJ301/Startup%20Project%20Management/web/login.jsp</file>
            <file>file:/C:/Users/ducmi/OneDrive/Documents/GitHub/PRJ301/Startup%20Project%20Management/src/java/utils/AuthUtils.java</file>
            <file>file:/C:/Users/ducmi/OneDrive/Documents/GitHub/PRJ301/Startup%20Project%20Management/web/footer.jsp</file>
            <file>file:/C:/Users/ducmi/OneDrive/Documents/GitHub/PRJ301/Startup%20Project%20Management/web/header.jsp</file>
            <file>file:/C:/Users/ducmi/OneDrive/Documents/GitHub/PRJ301/Startup%20Project%20Management/src/java/dao/IDAO.java</file>
            <file>file:/C:/Users/ducmi/OneDrive/Documents/GitHub/PRJ301/Startup%20Project%20Management/src/java/dto/UserDTO.java</file>
            <file>file:/C:/Users/ducmi/OneDrive/Documents/GitHub/PRJ301/Startup%20Project%20Management/web/dashboard.jsp</file>
            <file>file:/C:/Users/ducmi/OneDrive/Documents/GitHub/PRJ301/Startup%20Project%20Management/src/java/dao/ProjectDAO.java</file>
            <file>file:/C:/Users/ducmi/OneDrive/Documents/GitHub/PRJ301/Startup%20Project%20Management/src/java/dao/UserDAO.java</file>
            <file>file:/C:/Users/ducmi/OneDrive/Documents/GitHub/PRJ301/Startup%20Project%20Management/src/java/controller/MainController.java</file>
        </group>
    </open-files>
</project-private>
